"","RID","GroupAssignment","Age_Yrs","Year_of_Study","Live_Pets","Consumer_BARK","FS_pre","FS_post","PANAS_PA_pre","PANAS_PA_post","SCS_pre","SCS_post","SHS_pre","SHS_post","Engagement_pre","Engagement_post","Stress_pre","Stress_post","Homesick_pre","Homesick_post","Lonely_pre","Lonely_post","PANAS_NA_pre","PANAS_NA_post"
"1",1,"Control",21,3,2,1,6.125,6,3.2,3.8,3.9,3.8,2.33333333333333,3.33333333333333,5,4,2,2,3,3,2.25,1.7,1,1.2
"2",2,"Direct",19,1,2,1,5.25,6,3,3.2,5.15,5.26315789473684,3.33333333333333,4,2,2,2,1,4,2,1.9,1.6,1.8,1
"3",3,"Indirect",18,1,2,1,5.375,5.375,2.8,3,4.1,4.15,2.66666666666667,3.33333333333333,3,3,4,3,3,2,2.25,2.25,1.6,1.6
"4",4,"Control",18,1,2,1,6.375,6.375,4.2,3.8,4.65,5.1,3,3,3,3,2,2,1,1,1.75,2.05,1.8,1.6
"5",5,"Direct",19,1,2,1,5.875,5.875,3.4,4,3.65,3.6,2.66666666666667,2.66666666666667,2,4,3,4,2,2,2.85,2.7,2.2,1.6
"6",6,"Indirect",20,2,2,1,6.125,5.625,4.2,4.4,4.35,4.65,3,3.33333333333333,2,2,4,4,4,3,2.7,2.4,2,1.4
"7",7,"Control",26,2,1,1,6.625,6.5,4.2,4.6,4.75,4.4,2.66666666666667,3,4,4,4,3,1,1,2.4,2.25,3.6,2.8
"8",8,"Direct",17,1,2,1,5.875,6,3.4,3.4,4.6,4.65,3.66666666666667,4,3,3,3,2,1,1,2.25,2,1.6,1
"9",9,"Indirect",21,3,2,1,4.875,5,3.8,3.2,4.2,4.15,2.66666666666667,2.33333333333333,2,4,2,2,3,2,2.55,2.55,2.8,2.8
"10",10,"Control",22,4,2,1,7,7,3.8,2.8,5.8,5.75,5,5,1,1,2,1,1,1,1.1,1,1.6,1.4
"11",11,"Direct",19,2,2,1,5.875,6.25,3.6,4,4.4,4.8,3,3.66666666666667,2,2,3,2,3,3,2.15,1.85,1.6,1.2
"12",12,"Indirect",20,2,2,1,4.75,4.625,2.8,2.4,4.1,4.25,2,2.33333333333333,3,2,2,2,4,3,2.3,2.2,1.8,1
"13",13,"Control",19,2,2,1,6,6.125,3.2,3.2,5.4,5.6,4,4.33333333333333,3,2,3,1,2,1,1.7,1.3,1.4,1.4
"14",14,"Direct",19,2,2,1,6,6.25,3.4,4,5.25,5.35,3.33333333333333,4,3,3,4,2,3,2,1.85,1.7,2.2,1.2
"15",15,"Indirect",21,3,NA,2,6.75,6.75,3.2,3,5.75,5.7,3.66666666666667,3.66666666666667,2,2,3,4,1,2,1.4,1.15,1.2,1.6
"16",16,"Control",17,1,2,2,4.875,4.25,2.4,2.2,3.15,2.6,2.33333333333333,1.66666666666667,4,4,2,2,3,2,3.05,3.2,2.75,2.4
"17",17,"Direct",18,1,2,1,4,4.75,2.2,2.8,3.5,3.5,2.33333333333333,2.66666666666667,4,3,4,2,5,3,2.75,2.65,3,1.4
"18",18,"Indirect",18,1,1,1,6.5,6,4,2.2,5.05,5.05,4.33333333333333,5,3,2,2,1,2,1,1.8,1.6,1.8,1
"19",19,"Control",19,2,2,1,6.25,6.5,4.2,4.6,5.15,5.55,4.33333333333333,4.66666666666667,2,1,4,3,1,1,1.4,1.4,1.2,1
"20",20,"Direct",18,1,1,1,6.5,6.625,3.2,3.6,4.55,4.7,3.33333333333333,3.33333333333333,3,2,4,2,1,1,2.4,2.15,1.8,1.4
"21",21,"Indirect",19,2,1,1,4.5,4.5,2.6,1.8,1.85,1.8,2,2,5,5,3,4,2,4,3.6,3.55,2.8,3
"22",22,"Control",19,2,2,1,6,6.25,3.4,3.8,5.6,5.45,3.33333333333333,3.33333333333333,2,2,3,3,2,2,1.35,1.3,1.8,1.8
"23",23,"Direct",20,1,2,2,5.75,5.125,2.6,2.4,3.3,3.55,3.33333333333333,3.66666666666667,4,4,2,1,5,2,2.25,2.35,2.2,1
"24",24,"Indirect",19,1,2,1,4.625,5.25,2.6,2.6,3.65,3.7,3.33333333333333,3.33333333333333,3,3,5,4,4,4,2.65,2.65,3,3.2
"25",25,"Control",20,3,1,1,5.875,5.75,3.2,3.4,4.9,5.45,3.33333333333333,3.66666666666667,2,2,2,1,2,2,1.65,1.55,1.4,1
"26",26,"Direct",19,2,2,2,6.5,7,3.6,3.4,3.75,4.3,4.33333333333333,4.66666666666667,3,3,3,2,1,1,2.7,2.35,3,1.8
"27",27,"Indirect",21,3,2,1,6,5.75,2.8,3.8,4.8,5.05,3.33333333333333,4,3,3,3,2,2,1,1.95,1.9,2,1.4
"28",28,"Control",17,1,2,1,5.75,5.5,4.2,3.4,4.45,4.85,3.33333333333333,3.66666666666667,2,3,1,2,4,3,2,1.85,2,3.2
"29",29,"Direct",17,1,2,1,4.75,4.5,3.4,3.6,3.75,3.45,2.66666666666667,3.66666666666667,2,2,4,2,3,4,2.1,2.05,1.8,1.4
"30",30,"Indirect",18,1,2,1,4.875,4.625,3.4,3.2,4.35,4,3,3,3,3,4,3,3,3,2.05,2,1.6,1.4
"31",31,"Control",21,2,1,1,4.125,5.125,2.6,2.4,3.15,3.6,3.33333333333333,3,3,3,4,3,1,1,2.05,2.1,2,1.4
"32",32,"Direct",20,3,2,2,5.375,5.875,2.4,2.4,4.75,4.95,2.33333333333333,3,3,3,4,2,1,1,1.9,1.75,1.8,1.2
"33",33,"Indirect",20,2,1,1,5.5,6,3.4,4.4,3.95,4.85,1.66666666666667,2.33333333333333,4,3,5,3,1,1,2.1,1.55,2.8,1.2
"34",34,"Control",18,1,2,2,4.875,4.5,3.4,3.2,4.7,4.45,2.66666666666667,2.66666666666667,3,3,2,2,4,3,2.05,1.9,2.8,3
"35",35,"Direct",18,1,2,1,5.875,5.875,2.6,2.6,4.65,5,2.66666666666667,2.66666666666667,2,2,2,1,1,1,1.8,1.4,1.6,1
"36",36,"Indirect",18,1,2,1,4.625,4.375,3,3,4.25,4.35,3.66666666666667,4.66666666666667,2,2,3,2,1,1,2.15,2.05,1.6,1.2
"37",37,"Control",20,3,2,1,6.25,6.25,2.8,2.8,3.35,3.9,3,3.33333333333333,4,4,4,3,4,4,2.95,2.8,1.8,1.2
"38",38,"Direct",18,1,2,1,5.5,5.25,4.2,4.2,4.45,4.45,2.66666666666667,3.33333333333333,4,3,3,2,1,1,1.95,1.9,2,1.2
"39",39,"Indirect",20,3,2,1,6.125,6.125,2.2,2,5.2,5.05,5,5,3,3,2,2,1,1,1.52631578947368,1.55,1.2,1
"40",40,"Control",17,1,2,1,6.375,5.625,3,3.4,4.15,4,3.33333333333333,3,4,5,4,3,1,1,2.45,2.45,1,1
"41",41,"Direct",18,1,2,1,4.875,5.125,2.6,3.2,4.55,4.75,2.66666666666667,3.33333333333333,2,2,4,3,2,1,1.9,1.65,1.4,1
"42",42,"Indirect",21,2,2,1,4.5,5,3,2.4,3.45,3.68421052631579,1.33333333333333,1.33333333333333,3,3,4,3,4,4,1.9,2,2.6,1.4
"43",43,"Control",19,2,2,1,5.375,5,1.8,1.4,5.05,5.1,2.66666666666667,3,3,3,4,4,1,1,1.65,1.75,1.6,1.2
"44",44,"Direct",21,2,1,1,5.14285714285714,5.125,2.6,2.2,4.1,4.1,3.66666666666667,3.66666666666667,3,NA,4,3,1,1,2.45,2.15,3.2,2.2
"45",45,"Indirect",19,2,1,1,5.5,5.5,3.5,3.2,5.2,5.1,3,3.33333333333333,5,5,4,3,1,1,1.7,1.5,1.2,1.2
"46",46,"Control",19,1,2,1,4.25,4.25,2.6,2.6,3.3,3.2,2.33333333333333,2.33333333333333,3,3,4,4,2,2,2.4,2.75,2.4,2.4
"47",47,"Direct",19,2,2,1,3.375,2.75,3,2.8,1.8,2.8,1.33333333333333,2.33333333333333,4,3,4,2,4,4,3.35,3.1,3.2,1.4
"48",48,"Indirect",22,2,1,1,5.75,6.125,3.2,3.2,3.2,3.31578947368421,4,3.33333333333333,4,4,3,4,1,1,2.4,2.45,2.6,2
"49",49,"Control",20,2,1,1,5.25,5.25,2.8,2,3.65,3.35,2.66666666666667,2.66666666666667,5,5,2,2,2,2,2.6,2.6,3.6,2.6
"50",50,"Direct",19,1,2,1,6.875,7,4.2,3.6,5.2,5.25,4.66666666666667,4.66666666666667,1,1,1,1,3,1,1.8,1.6,1.8,1.4
"51",51,"Indirect",20,1,2,1,5.25,5.75,3.2,3.8,3.8,4.55,3.66666666666667,4,3,3,5,1,4,2,2.5,2.05,3.2,1.75
"52",52,"Control",19,1,2,1,5,4.875,2.8,2.6,3.85,3.45,3.33333333333333,3.66666666666667,2,2,2,2,3,3,2.6,2.85,2,1.6
"53",53,"Direct",19,2,2,1,4.25,4.375,2.2,2,3.65,4.15,1.33333333333333,2,2,1,4,2,4,3,2.57894736842105,2,3.2,1.6
"54",54,"Indirect",22,4,2,1,5.75,5.5,3.4,3.4,4.95,4.85,2,2,2,2,5,5,2,2,1.7,2.2,3.2,3.2
"55",55,"Control",19,2,2,3,6.125,6.125,3.6,3.6,5.3,5.45,3.66666666666667,3.66666666666667,1,1,3,2,3,3,1.5,1.4,1.2,1
"56",56,"Direct",20,1,2,1,6,6.25,3.6,4.4,4.9,5,3.66666666666667,4,3,3,3,1,5,3,2.2,2,1.2,1
"57",57,"Indirect",20,3,2,1,4.5,4.5,3.4,3.4,3.05,3.35,2.66666666666667,2.66666666666667,3,3,3,2,2,2,2.9,2.68421052631579,2.8,2.4
"58",58,"Control",31,4,2,1,5.25,5.625,3.2,2.4,3.8,3.3,2.66666666666667,2.66666666666667,5,5,3,3,1,1,2.75,2.75,3.6,3.2
"59",59,"Direct",22,2,1,1,3.625,4.25,1.8,1.8,2.4,2.7,1.66666666666667,2,4,4,3,2,1,1,3,2.75,2.4,2.2
"60",60,"Indirect",18,1,2,1,6.25,6.125,3.4,3,5.1,5.4,3,2.66666666666667,2,2,2,1,1,1,1.6,1.4,1.6,1.4
"61",61,"Control",19,2,2,1,6.375,6.375,4,4.6,5.15,5.1,3.66666666666667,3.66666666666667,4,3,3,2,4,3,1.8,1.5,1.8,1.4
"62",62,"Direct",19,1,1,1,6,6.625,3.4,3.6,4.7,4.94444444444444,4,4,2,2,3,1,1,1,1.9,1.65,1.6,1
"63",63,"Indirect",31,3,2,1,4.625,5,2.8,3.4,4,4.05,2.66666666666667,3.33333333333333,5,4,2,1,1,1,2.05,2.2,2.4,1.6
"64",64,"Control",18,1,2,1,4.875,5,1.6,1.6,3.1,2.9,2.66666666666667,2.66666666666667,2,4,3,4,1,1,2.5,2.8,2.2,2
"65",65,"Direct",27,2,1,1,6.5,6.625,3.8,4.6,5.1,5.65,4,4.66666666666667,2,2,4,1,1,1,1.85,1.3,1.6,1
"66",66,"Indirect",20,2,2,1,6.625,6.625,4.6,4.6,4.6,4.5,4.33333333333333,4.33333333333333,4,4,2,3,2,4,2.15,2.3,1.6,1.6
"67",67,"Control",19,2,2,1,6.125,6,3.2,3.2,5.4,5.2,4,4.33333333333333,4,4,4,3,1,1,1.2,1.15,1.8,1.4
"68",68,"Direct",18,1,NA,1,6.875,6.875,4.2,4.6,5.2,5.45,5,5,1,1,3,2,1,1,1.9,1.45,2.4,1.6
"69",69,"Indirect",21,4,2,1,5.75,5.625,3,2.6,5.05,5.15,3.33333333333333,3.66666666666667,1,1,3,2,2,2,1.8,1.85,1,1.2
"70",70,"Control",27,3,1,2,5.75,6.25,3.8,3.8,3.55,4.2,2.66666666666667,3.66666666666667,3,3,4,4,1,1,2.7,2.5,3,2.2
"71",71,"Direct",22,4,2,1,5.375,5.375,2.2,2.6,4.45,4.5,3.33333333333333,3,3,3,4,2,3,2,1.85,1.75,1.2,1.2
"72",72,"Indirect",18,1,2,1,6.25,6.375,4.8,4.6,3.7,3.7,2.66666666666667,2.66666666666667,3,3,3,2,3,5,2.45,2.6,2,1.4
"73",73,"Control",20,3,1,1,5.625,5.25,3,2.6,4.35,4.3,3,3,4,4,3,2,1,1,1.5,1.45,1.2,1
"74",74,"Direct",20,3,1,1,6.375,6.5,3,3,5.4,5.65,4.66666666666667,3.66666666666667,2,2,2,1,1,1,1.4,1.05,1,1
"75",75,"Indirect",19,1,2,2,6,6.625,2.8,3,5.2,5.4,4.33333333333333,4.66666666666667,3,3,3,2,4,3,1.85,1.25,1.4,1
"76",76,"Control",20,1,2,1,6.125,6.125,3.2,3.2,5.2,5.2,3.33333333333333,3.66666666666667,3,3,2,2,2,2,1.9,1.6,1.2,1
"77",77,"Direct",18,1,2,1,6.125,6,3.4,3,3.85,4.05,3.33333333333333,4.33333333333333,4,3,3,2,4,3,2.6,2.35,2.6,2.4
"78",78,"Indirect",18,1,2,1,6.375,6.125,2.8,2.4,4.6,4.85,4.33333333333333,4.33333333333333,3,2,3,2,1,1,1.85,1.45,1.4,1.2
"79",79,"Control",18,1,2,2,6.625,6.125,4,3.6,4.85,5.15,3.66666666666667,5,3,3,4,3,3,4,2.1,1.6,1.2,1
"80",80,"Direct",20,2,1,1,3.5,3.5,1.4,1.2,2.15,2.35,2.33333333333333,2.33333333333333,4,3,5,3,1,1,3.05,3.05,2.2,1
"81",81,"Indirect",19,2,2,1,4.875,4.375,2.8,2,3.9,4.1,3.33333333333333,3.33333333333333,4,3,3,2,4,2,2.2,2.45,2,1.4
"82",82,"Control",19,2,2,1,6.375,6.375,4.4,4.2,5.4,5.55555555555556,3.66666666666667,3.33333333333333,2,3,4,1,2,2,1.25,1.05263157894737,2,1.4
"83",83,"Direct",18,1,2,1,6.75,6.875,4.8,4.8,5.15,5.45,4.33333333333333,4.33333333333333,2,2,3,2,3,3,1.4,1.4,1.2,1.2
"84",84,"Indirect",21,2,1,1,5.875,6.25,3.2,2.8,3.7,4.7,3.33333333333333,4,3,3,4,3,2,2,2.2,2.2,1.8,1.2
"85",85,"Control",19,1,1,1,5.875,5.875,3.6,3.6,4.75,4.75,3.33333333333333,3,2,2,4,4,1,1,1.8,1.8,1.6,1.8
"86",86,"Direct",18,1,1,1,6.625,7,3.2,4,4.8,5.15,4,4,4,3,3,2,1,1,1.85,1.6,1.2,1
"87",87,"Indirect",18,1,2,1,5.25,5.25,3.2,2.6,4,4.05,1.66666666666667,2.33333333333333,3,2,4,4,4,5,2.25,2.35,2,2.6
"88",88,"Control",22,4,1,1,6.5,6.625,3.6,4,5,5.35,2.66666666666667,3.33333333333333,3,3,3,2,1,1,2,1.85,2.6,1.8
"89",89,"Direct",22,4,1,1,3.875,4.875,3.4,4,4.4,4.77777777777778,2.33333333333333,3.33333333333333,2,1,5,2,3,2,2.15,1.4,3.4,2.2
"90",90,"Indirect",22,4,1,1,6.25,6,4.4,2.6,5.3,4.5,4,3,2,2,3,3,1,1,1.4,1.45,1,1
"91",91,"Control",20,3,2,1,6.125,6.125,4,4,5.2,5,4,3.66666666666667,2,2,2,4,1,1,1.35,1.1,1.2,1
"92",92,"Direct",19,2,1,1,5.875,5.75,3.8,3.6,5.15,5.3,4,4,3,3,4,4,1,1,1.6,1.35,2.2,2.2
"93",93,"Indirect",19,2,2,1,5.25,5.375,3.6,4.4,3.9,3.75,1.66666666666667,2.66666666666667,4,3,3,2,1,1,2.10526315789474,1.95,2.2,1.6
"94",94,"Control",19,1,2,1,5.875,5.75,3.6,3.8,4.2,4.05,3,3.33333333333333,3,3,3,2,1,1,2.3,2.15,1.6,1.2
"95",95,"Direct",19,1,1,1,6.5,6.625,4.2,3.8,4.8,5.35,3.33333333333333,4,2,2,4,2,1,1,1.7,1.31578947368421,1.8,1
"96",96,"Indirect",18,1,1,1,6.125,6.125,3.2,3,4.5,4.65,4.66666666666667,4.33333333333333,4,4,4,4,1,1,1.85,1.85,1.2,1.8
"97",97,"Control",19,1,2,1,6.375,6.375,4.2,4,3.3,3.25,3,3,3,3,3,3,5,5,2.95,2.8,3,2.6
"98",98,"Direct",21,1,2,1,6.375,6.5,3.2,2.6,5.55,5.65,4.33333333333333,4.33333333333333,2,2,3,1,1,1,1.31578947368421,1.3,1,1
"99",99,"Indirect",20,3,2,1,5.75,6,3.6,3.4,5,4.85,4,4,3,2,3,2,1,1,1.4,1.35,1.2,1
"100",100,"Control",19,2,2,1,3.875,4.625,2.8,3,3.3,3.05,1.33333333333333,1.33333333333333,2,2,4,4,3,5,2.7,2.9,3.4,3.6
"101",101,"Direct",19,2,2,1,4.75,4.5,3.2,3.4,3.85,3.8,2.66666666666667,2.66666666666667,2,2,2,1,2,1,2.15,2.1,2.2,2
"102",102,"Indirect",19,1,2,1,4,5,2.8,2.8,2.75,3.25,1.33333333333333,2.66666666666667,3,3,4,2,3,3,2.65,2.5,2.6,1.8
"103",103,"Control",20,3,2,1,6.5,6.5,3.8,3.8,3.55,4,3.66666666666667,3.66666666666667,1,1,4,2,2,1,2.75,2.5,1.2,1
"104",104,"Direct",23,4,2,1,6.5,6.25,3.4,4,5.45,5.45,4.33333333333333,4.66666666666667,2,2,2,1,2,1,1.3,1.1,1,1
"105",105,"Indirect",26,5,2,1,6.75,6.75,4.4,4.4,5.8,5.78947368421053,5,5,5,5,1,1,1,1,1.1,1.2,1,1
"106",106,"Control",19,2,2,1,6.25,6.125,3.8,3.8,4.3,4.45,3.66666666666667,4,2,2,2,3,1,1,2.05,2.05,1.4,1.6
"107",107,"Direct",18,1,2,1,6.875,7,4,3.8,5.8,5.9,5,5,3,2,2,2,1,2,1.25,1.15,1.6,1.6
"108",108,"Indirect",19,2,1,1,6.125,6.125,3.4,2.8,4.6,4.8,4,3.33333333333333,3,4,2,2,1,2,1.7,1.8,1.6,1.4
"109",109,"Control",18,1,2,1,6.25,6.375,3.4,2.4,4.45,4.45,4.66666666666667,5,3,3,4,2,5,5,2.1,2.2,1.4,1.2
"110",110,"Direct",19,2,2,1,5.125,5.5,3,2.2,4.55,4.9,3,3.33333333333333,3,3,3,2,2,2,1.5,1.55,1.6,1.2
"111",111,"Indirect",18,1,2,1,5.125,4.875,3.2,2.8,2.9,3.10526315789474,2,2,3,4,2,2,2,3,3.2,3.15,3.4,3.4
"112",112,"Control",19,2,NA,5,6.375,6.25,3.6,3.6,5.75,5.45,4.66666666666667,4.66666666666667,2,1,2,3,5,2,1.3,1.45,1.4,1
"113",113,"Direct",19,2,1,1,5.125,5.625,3.2,3.2,3.6,3.9,3.33333333333333,3,4,4,3,2,1,1,2.55,2.35,1.4,1
"114",114,"Indirect",20,1,1,1,6.125,6.125,3.4,3.4,5.4,5.3,3.66666666666667,3.66666666666667,3,4,3,2,1,1,1.45,1.4,1.2,1
"115",115,"Control",18,1,2,1,6.5,6.5,3.4,3.6,5.55,3,4.33333333333333,4.33333333333333,3,3,1,1,3,2,1.35,1.15,1.4,1.4
"116",116,"Direct",19,2,1,1,5.125,4.875,3.2,3,4.15,4.15,3,3.66666666666667,4,4,3,2,1,1,2.4,2.4,2.8,2
"117",117,"Indirect",21,2,2,1,6,5.85714285714286,4,3,5.1,5,3.66666666666667,3.66666666666667,1,2,3,3,2,2,1.9,2.2,2,1.6
"118",118,"Control",20,2,2,1,6,5.875,4,3,4.85,4.65,3,3,1,2,2,2,2,3,1.75,2.05,1.8,1.8
"119",119,"Direct",19,2,1,1,5.75,5.375,3.6,3.4,4.7,4.65,4,4,3,3,4,3,1,1,1.9,1.9,2.4,2
"120",120,"Indirect",19,1,2,1,5.75,6.125,4.6,4.6,3.5,4.05,2.66666666666667,3,4,4,4,2,3,2,2.45,2.45,2.8,2
"121",121,"Control",18,1,2,1,7,6.875,3.6,3,5.2,5.6,3.66666666666667,4.33333333333333,2,5,2,1,2,1,1.75,1.55,1.6,1
"122",122,"Direct",18,1,2,1,6.25,6.25,4,4,5.3,5.6,4.33333333333333,4.66666666666667,2,2,3,1,2,2,1.2,1.15,1.2,1
"123",123,"Indirect",18,1,1,1,5.375,5.875,3,3.2,4.45,4.85,3.66666666666667,4,3,2,3,2,1,1,1.7,1.45,1.8,1.2
"124",124,"Control",18,2,2,4,6.5,6.125,4,4.4,4.4,4.3,1.33333333333333,1.66666666666667,3,2,5,3,4,5,2.3,2.15,2.2,2.8
"125",125,"Direct",19,2,2,2,5.5,5.875,3.2,3.4,4.5,4.55,4,4,3,3,2,1,3,2,2,1.95,1.8,1.2
"126",126,"Indirect",18,1,1,1,5.75,6,3.8,3.6,4.8,5,4.33333333333333,4.33333333333333,1,2,4,3,1,1,1.78947368421053,1.8,2.2,1.8
"127",127,"Control",18,1,2,1,6,5.875,2.6,2.2,5.35,5.45,4.66666666666667,4.33333333333333,2,2,4,4,1,1,1.65,1.65,1.4,1
"128",128,"Direct",21,4,2,1,6.375,6.25,3,3.8,5.2,5.45,3.33333333333333,4,1,1,3,1,2,2,1.4,1.1,1.6,1.2
"129",129,"Indirect",21,3,2,1,6,6.375,3,4,4.45,4.35,3.33333333333333,4,2,1,2,1,3,2,2.25,1.75,2.6,3
"130",130,"Control",18,1,1,1,4.625,4.875,3.2,2.2,3.7,4.05,2.66666666666667,3,3,4,4,3,1,1,2.45,2,3.2,1.2
"131",131,"Direct",19,1,2,1,3.875,4.5,2.6,2.4,3.55,3.55,1,1.66666666666667,4,2,4,3,3,4,2.6,2.45,2.6,1.8
"132",132,"Indirect",19,1,2,1,5.875,6,3.2,3.2,4.57894736842105,4.8,3,3,4,3,3,2,3,2,2,1.85,2.4,1.4
"133",133,"Control",19,2,2,2,6.125,5.875,3.6,3.8,4.9,4.4,4,4,2,4,3,2,3,3,1.75,1.75,1.8,2
"134",134,"Direct",24,2,1,2,6.25,6.75,3.6,4.6,5.15,5.8,3.33333333333333,4,4,2,2,1,4,2,1.55,1.25,1,1
"135",135,"Indirect",18,1,2,1,4.75,5,2.6,2.8,5,5,3.33333333333333,3.66666666666667,2,2,3,2,2,2,1.45,1.35,2.4,1.2
"136",136,"Control",18,1,2,1,4.25,3.5,3.4,2.8,3.75,3.7,1.33333333333333,1.66666666666667,2,3,3,3,1,1,2.45,2.7,2.4,1.2
"137",137,"Direct",22,3,NA,3,6,5.875,3.6,4.2,4.45,4.85,3.66666666666667,4,4,4,2,2,2,4,2.5,2.25,2.8,2
"138",138,"Indirect",20,3,2,1,4.875,4.875,3.6,3.6,3.05,2.75,2,2,4,4,3,3,3,2,3,3.05,1.6,1.6
"139",139,"Control",19,2,2,2,6,6.125,3.4,4,5,5.2,3.66666666666667,3.66666666666667,2,2,3,2,4,2,1.95,1.57894736842105,1.2,1
"140",140,"Direct",20,2,1,2,5.375,6.625,1.2,2.4,3,5.2,2.66666666666667,3.66666666666667,3,3,5,1,1,1,3.05,1.9,4,1
"141",141,"Indirect",18,1,2,1,6.375,6,3.6,3.4,4.5,4.95,4.33333333333333,4,2,2,3,4,4,4,2.2,2,2,2
"142",142,"Control",18,1,2,1,5.375,5.375,1.4,3,4.45,4.55,3.33333333333333,2.66666666666667,3,2,5,4,4,3,2.26315789473684,1.95,2.8,1.8
"143",143,"Direct",20,2,2,1,5.125,5,2.8,2.6,4.6,4.55,2.33333333333333,2.33333333333333,3,3,2,2,2,1,1.65,1.8,2.6,2.2
"144",144,"Indirect",21,4,2,1,5.75,6.375,4.2,4.2,4.7,5.5,3,3.33333333333333,1,1,4,4,1,3,2.2,1.45,1.6,1.4
"145",145,"Control",20,2,1,1,5.5,5.625,3.4,3,3.95,3.5,3,3,4,4,5,5,1,1,2.85,2.55,2.6,2.8
"146",146,"Direct",30,2,1,1,5,4.875,2.6,3.2,4.05,4.3,3.33333333333333,3.33333333333333,5,4,2,1,1,1,1.7,1.8,1.6,1.2
"147",147,"Indirect",21,2,2,1,6,6.125,3.8,3.8,4.1,4.55,4,3.66666666666667,4,3,2,2,3,2,1.7,1.8,1.2,1.4
"148",148,"Control",18,1,2,1,4.75,5.5,1.6,1.6,3.15,3.7,2.33333333333333,3.66666666666667,3,4,5,4,5,4,3.4,2.9,2,1.2
"149",149,"Direct",19,2,2,2,5.875,6,3,3.2,5.25,5.35,4.33333333333333,4.66666666666667,2,2,2,1,1,1,1.15,1.05,1.2,1.2
"150",150,"Indirect",23,4,2,1,5.375,5.375,2.6,2.8,4.05,4,4,4,2,2,3,2,2,2,2.5,2.2,1.8,1.6
"151",151,"Control",18,1,2,2,5.5,5.25,3.8,3.6,4.7,4.7,3.66666666666667,3.66666666666667,2,2,3,3,1,1,1.5,1.4,1.8,1.6
"152",152,"Direct",19,2,2,1,6.125,5.75,3.6,3.6,5.05,5.1,3.66666666666667,4,1,1,4,3,2,4,1.5,1.3,1.6,1.2
"153",153,"Indirect",19,2,2,1,6.25,6.25,3.4,3.6,5.25,5.35,3.66666666666667,4,3,2,3,2,1,1,1.65,1.5,1.6,1.2
"154",154,"Control",23,3,1,1,5.875,6,3.2,3.2,5.05,4.9,4.66666666666667,4.33333333333333,2,2,2,2,3,2,1.6,1.65,2.6,2.6
"155",155,"Direct",18,1,1,1,5.875,5.625,2.8,3.2,4.75,4.47368421052632,3.33333333333333,3.66666666666667,4,3,2,1,1,1,2.15,1.95,1.8,1
"156",156,"Indirect",21,4,1,2,5.375,5.375,3.2,3.4,4.1,4.15,3.33333333333333,4,3,3,4,4,4,3,2.4,2.15,2.4,2
"157",157,"Control",18,1,2,1,4,4,2.8,2.6,2.65,2.9,2.33333333333333,2.33333333333333,5,5,5,5,3,4,3.05,3.1,3,2.8
"158",158,"Direct",20,3,2,1,6,6.25,2.6,2.8,3.8,4.26315789473684,4.33333333333333,4.66666666666667,4,2,4,2,4,1,2.65,2.35,1.8,1.8
"159",159,"Indirect",18,1,2,1,5.75,5.75,4.6,4.2,3.45,3.35,4,4,2,2,3,2,3,1,3.05,2.75,2,1
"160",160,"Control",23,4,2,1,5.5,5.875,3.6,3.6,4.25,4.25,3.33333333333333,4,3,2,4,3,1,2,2,2.15,1.4,1.2
"161",161,"Direct",18,1,1,1,6.5,6.375,3.8,2,4.7,5,3.66666666666667,3.33333333333333,3,3,3,2,1,1,1.55,1.6,2.2,1.6
"162",162,"Indirect",19,2,2,1,5.375,5.25,2.8,2.6,3.75,3.8,3.66666666666667,4,3,3,3,1,1,1,2.4,2.25,1.6,1.4
"163",163,"Control",18,1,2,1,4.5,4.5,2.8,3.4,2.85,2.95,2.33333333333333,2.33333333333333,4,5,4,3,1,1,3.15,2.9,1.2,1
"164",164,"Direct",20,3,2,1,6.5,6.5,4,4.2,4.65,5.05,3.33333333333333,3.33333333333333,3,2,5,2,2,1,1.65,1.5,2.2,1.8
"165",165,"Indirect",18,1,2,1,6.125,6.125,3.4,4,4.95,5.3,3,3.66666666666667,2,2,4,3,3,2,1.8,1.55,1.8,1
"166",166,"Control",19,1,2,1,5.625,5.75,2.8,2.8,4.45,4.85,3,2.66666666666667,2,3,4,5,5,5,1.75,2.1,2,2.2
"167",167,"Direct",19,1,2,1,6.375,6.625,3.6,4,5.05,5.05,3.66666666666667,4,3,2,3,2,2,2,1.9,1.65,2,1.8
"168",168,"Indirect",18,1,2,1,5,6.375,2.4,3.2,5.15,5.625,1.66666666666667,2.66666666666667,2,2,4,1,5,3,1.6,1.15,1.2,1
"169",169,"Control",19,1,2,1,5,5.5,3.2,3.2,3.6,3.5,2.33333333333333,2.33333333333333,4,4,3,3,4,4,2.52631578947368,2.75,2.4,2.2
"170",170,"Direct",19,2,2,1,5.875,5.875,2.6,2.2,4.6,4.75,4,4.33333333333333,3,2,3,1,4,3,2.25,1.75,2.6,1.2
"171",171,"Indirect",24,4,1,1,6.25,6.125,3,2.6,3.8,3.7,3.66666666666667,3.66666666666667,2,2,2,1,1,1,2.5,2.4,1.4,1
"172",172,"Control",19,2,2,1,5.125,5.25,1.8,2,3.3,3.55,2.33333333333333,2.66666666666667,3,3,3,4,4,4,2.7,2.45,2,2
"173",173,"Direct",19,1,2,1,6.5,6.5,4.6,4.6,4.95,5.05,5,5,2,3,2,1,3,2,1.6,1.5,1.4,1.2
"174",174,"Indirect",19,1,1,1,5.25,5.625,3,2.75,4.7,4.25,3,3,2,3,4,4,1,1,2.1,2.35,3.8,4.4
"175",175,"Control",19,1,1,1,5.375,4.625,3.2,3,3.85,3.65,3.33333333333333,3,2,3,4,4,1,1,2.42105263157895,2.7,3.4,4.4
"176",176,"Direct",18,1,2,1,5.625,5.25,3.6,3.6,4.75,4.7,3.66666666666667,3.66666666666667,2,2,1,1,3,3,2.15,2.2,2.2,2
"177",177,"Indirect",19,2,2,1,5.875,6.125,3.2,2.4,5.35,5.55,4.33333333333333,4.66666666666667,2,2,2,2,1,1,1.55,1.15,2.4,2
"178",178,"Control",21,4,2,1,4.625,5.125,2.4,2.8,3.9,4.25,2.33333333333333,2.66666666666667,3,3,4,2,1,1,1.65,1.55,2.6,2.6
"179",179,"Direct",21,3,2,1,6.125,6.125,3.4,3.8,5.1,5.2,3.66666666666667,3.66666666666667,2,2,4,2,2,2,1.45,1.4,2.4,1.6
"180",180,"Indirect",21,3,1,1,5.5,5.625,3.6,4,4.3,4.15,3.33333333333333,3.33333333333333,2,2,4,3,1,1,2.3,2.1,2.8,2.6
"181",181,"Control",19,2,2,1,6,6.125,3.8,3.8,5.35,5.55,4.66666666666667,4.33333333333333,2,2,3,2,2,3,1.7,1.4,1.4,1.2
"182",182,"Direct",19,2,2,1,6,6,3.2,3.4,4.75,4.85,3.33333333333333,3.33333333333333,3,3,4,2,2,2,1.6,1.8,2.6,2
"183",183,"Indirect",25,5,1,1,7,7,4.4,5,5.2,5.35,4.33333333333333,4.33333333333333,4,3,2,2,1,1,1.55,1.55,1.2,1
"184",184,"Control",21,4,1,1,5.125,5.25,2.2,1.4,4.05,3.9,1.66666666666667,2,4,4,4,4,2,3,2.25,2.4,1.2,1.4
"185",185,"Direct",20,2,1,1,5.625,5.875,3.8,3.6,4.85,5.05,3.33333333333333,3.33333333333333,2,1,3,2,1,1,2,1.6,2,1
"186",186,"Indirect",19,2,2,2,6,6.75,3.4,3.8,5.3,5.85,3.66666666666667,4.66666666666667,1,1,4,2,3,5,1.9,1.35,2,1.2
"187",187,"Control",22,4,2,1,4.375,4.75,2.6,3,3.75,3.6,2.66666666666667,2.66666666666667,4,4,3,2,4,4,2,2.3,1.6,1.4
"188",188,"Direct",20,4,2,1,2.75,3.5,1.2,2.4,1.6,3.6,1.33333333333333,3,4,2,4,2,3,1,3.4,2.45,3.4,1.2
"189",189,"Indirect",21,4,1,1,6,6.25,3,2.6,5,5,3,3.66666666666667,3,3,3,1,1,1,1.75,1.55,1.4,1
"190",190,"Control",18,1,2,1,5.25,5.375,3.4,3.4,4.7,4.95,3.33333333333333,3.66666666666667,2,2,3,2,3,3,1.65,1.8,2.4,2.2
"191",191,"Direct",22,4,1,1,6.25,6.5,3.6,3.6,4.55,4.8,3.66666666666667,4,4,3,4,2,1,1,1.9,1.75,1.8,1
"192",192,"Indirect",18,1,2,1,5.875,5.5,3.8,3.6,4.65,4.4,3.33333333333333,4,2,3,4,3,3,3,2,1.9,1.8,1.4
"193",193,"Control",21,3,1,1,6,5.875,4.6,4.6,4.65,5.2,3.66666666666667,3.66666666666667,4,3,4,3,1,1,2.1,1.85,1.4,1.2
"194",194,"Direct",23,4,1,1,6.375,6.625,2.6,2.6,5.45,5.45,3.33333333333333,3.33333333333333,1,1,4,2,1,1,1.75,1.5,2.4,1.4
"195",195,"Indirect",22,3,1,1,6.125,6.125,3.2,3,4.7,4.75,4.33333333333333,4.33333333333333,3,3,4,4,1,1,1.8,2.2,2.2,2.6
"196",196,"Control",24,5,1,1,5.875,5,3,2.6,4.8,4.2,3.66666666666667,3.33333333333333,2,2,4,4,1,1,1.7,1.9,1.2,1.8
"197",197,"Direct",19,2,2,1,6.125,6.5,2.6,2.4,5.05,5.25,3.66666666666667,4,4,2,2,1,1,1,1.8,1.7,1,1
"198",198,"Indirect",20,2,2,2,5.625,5.875,3.2,1.8,4.45,4.15,4.33333333333333,4.33333333333333,2,2,2,3,3,4,1.85,2,1.2,1.8
"199",199,"Control",19,2,2,3,5.875,5.625,4,3.6,4.7,5.1,3.66666666666667,3.66666666666667,1,1,3,3,2,1,1.55,1.6,2.6,2.2
"200",200,"Direct",22,1,2,2,5.375,4.75,1.6,2.4,3.9,3.21052631578947,2.33333333333333,2.66666666666667,3,3,3,3,1,1,2.45,2.75,3,1.6
"201",201,"Indirect",28,5,1,1,5,4.75,2.8,3,3.5,3.6,2.33333333333333,3,3,3,3,1,1,1,2.57894736842105,2.55,2,1.2
"202",202,"Control",21,3,2,1,6,5.625,2.6,1.6,4.2,4.5,2.66666666666667,2.66666666666667,1,2,3,3,1,1,1.9,2.05,1.2,1.2
"203",203,"Direct",19,1,2,1,4.875,5.5,4.2,4.2,3.85,3.6,3.33333333333333,3.33333333333333,2,2,2,1,3,1,1.9,1.75,1,1
"204",204,"Indirect",20,2,1,1,3.5,3.75,3.8,3.8,2.05,2.15,2.66666666666667,2.66666666666667,5,5,4,4,1,1,3.2,3.15,3,2.8
"205",205,"Control",18,1,2,2,4.125,4.5,3,3.6,3.6,3.7,3.66666666666667,3.66666666666667,3,3,4,2,2,1,1.9,1.9,3.4,3.2
"206",206,"Direct",19,2,2,1,6.125,6.125,3.8,4,5.05,5.3,3.66666666666667,3.66666666666667,2,2,4,3,1,1,1.55,1.3,1.8,1.4
"207",207,"Indirect",20,2,1,1,5.875,5.375,2.2,2,4.05,4.15,3,3.66666666666667,4,3,3,2,1,1,2.45,2.2,1.8,1
"208",208,"Control",19,2,2,1,4.625,4.5,2,2,4.45,4.55,3,2.66666666666667,4,4,4,5,1,2,1.75,1.75,3.6,3
"209",209,"Direct",19,2,1,1,6,6,3.2,3,5.15789473684211,5.1,4,4,2,2,1,1,1,1,1.15,1.05,1,1
"210",210,"Indirect",19,2,1,1,6.625,6.5,3.8,4.2,5.15,5.6,4,4.33333333333333,3,3,2,4,1,1,1.63157894736842,1.6,1,1.4
"211",211,"Control",18,1,2,2,6.5,6.5,3.8,3.8,4.5,4.5,3.66666666666667,3.66666666666667,2,2,5,4,3,4,2.1,1.9,1.8,1.4
"212",212,"Direct",21,2,1,1,5.625,5.5,2.6,3.2,3.95,4.45,3.33333333333333,3.66666666666667,5,5,3,1,1,1,2.31578947368421,2.3,1.6,1
"213",213,"Indirect",19,2,2,1,5.625,6.25,3.2,4.4,5.15,5.8,2,2.66666666666667,1,1,4,2,1,1,1.5,1.3,1,1
"214",214,"Control",18,1,2,1,4.5,4.5,1.8,2,3.2,3,2,2.33333333333333,4,4,3,3,2,2,2.95,2.85,2,2
"215",215,"Direct",21,2,2,1,5.25,5,2.8,2.8,3.05,3.1,1.33333333333333,2,4,3,4,2,3,2,2.9,2.55,2.6,1.8
"216",216,"Indirect",19,2,2,1,4.875,4.75,3.8,3.2,3.5,4.05263157894737,2.33333333333333,2.66666666666667,4,4,4,3,3,3,2.55,2.45,3.2,3
"217",217,"Control",19,1,2,1,5.75,6.875,3.4,3.8,4.3,4.55,4.33333333333333,4.66666666666667,3,2,4,2,5,3,1.95,2,3.2,2.8
"218",218,"Direct",18,1,2,2,3.75,4.375,3.4,3.4,2.25,3.5,1.66666666666667,2.66666666666667,4,4,3,2,4,1,3.25,2.75,3.8,2.2
"219",219,"Indirect",19,1,2,2,4.5,3.5,3.6,3.2,3.25,3.2,3,2.66666666666667,3,3,4,4,1,1,2.85,2.75,3.4,3.6
"220",220,"Control",19,2,1,1,6.25,6.375,3.6,3.6,5.5,5.75,5,5,2,2,4,4,2,2,1.1,1.1,1.6,1
"221",221,"Direct",20,2,2,1,7,7,4,4,5.9,6,5,5,4,4,4,2,3,1,1.05,1,1.2,1
"222",222,"Indirect",19,2,1,1,7,7,3.6,4.2,5.35,5.55,3.66666666666667,4,1,1,2,2,1,1,1.3,1,1,1
"223",223,"Control",21,4,2,1,6,6,3.8,3.8,5.1,5.35,1.66666666666667,2.66666666666667,2,2,4,3,3,3,1.8,1.8,2.2,2.2
"224",224,"Direct",21,2,1,1,5.75,5.75,3.6,4,5.15,5.35,3.66666666666667,4,3,1,2,1,1,1,1.55,1.4,1.2,1
"225",225,"Indirect",20,1,2,1,4.875,4.625,3.8,3.2,3.5,3.65,2.66666666666667,3.33333333333333,2,2,5,5,2,2,2.35,2.35,3.4,3.4
"226",226,"Control",22,4,2,1,5.75,6.25,3.6,3.4,5.55,5.7,4.33333333333333,4.66666666666667,2,2,2,2,1,1,1.45,1.25,1.4,1.4
"227",227,"Direct",21,4,2,1,5.125,4.5,3.4,3.4,4.4,4.65,2.66666666666667,2.66666666666667,3,3,4,3,2,2,2.15,1.9,2.8,3
"228",228,"Indirect",18,1,1,1,4.875,5.25,2.4,1.6,3.1,3.42105263157895,1.66666666666667,2.33333333333333,4,4,4,3,1,1,2.6,2.4,2.4,1
"229",229,"Control",19,2,2,2,5.625,6,4.2,4,5.05,5.05,3.66666666666667,3.66666666666667,2,2,5,4,3,3,1.21052631578947,1.2,1.6,1.4
"230",230,"Direct",19,2,2,1,6,6.125,3.4,3,5.2,5.1,3.66666666666667,4.33333333333333,2,2,3,1,1,1,1.25,1.05,1.2,1.2
"231",231,"Indirect",19,1,2,1,5.625,6.125,3.2,3,4.45,4.95,3.33333333333333,3.66666666666667,2,2,3,2,3,3,1.9,1.55,2,1
"232",232,"Control",29,4,1,1,6.75,6.625,4.2,4.8,4.85,5.10526315789474,4.33333333333333,4.33333333333333,5,5,3,1,2,3,2.4,2.15789473684211,2.6,1.6
"233",233,"Direct",21,4,2,1,6.375,6.625,3.8,2.6,5.3,5.55,3.66666666666667,3.66666666666667,1,1,4,2,2,2,1.6,1.3,1.6,1
"234",234,"Indirect",19,2,2,1,5.5,5.5,2.6,2.8,4.15,4.25,2,2,4,3,3,2,3,2,1.95,2.6,1.8,1.2
"235",235,"Control",18,1,2,2,6.5,6.625,4.6,4.6,5.45,5.4,4.33333333333333,4.33333333333333,1,1,3,3,1,1,1.6,1.55,1.6,1.2
"236",236,"Direct",19,1,2,1,5.25,5.375,2.6,3.2,3.45,4,3,4.33333333333333,3,1,5,2,4,2,2.75,2.15,2.8,1.6
"237",237,"Indirect",19,2,2,1,6.125,6.25,4.2,4,5.4,5.55,4.66666666666667,4.66666666666667,1,1,3,3,1,1,1.65,1.65,1.2,1
"238",238,"Control",20,2,2,1,3,3.25,2,1.8,2.8,2.9,2,2,3,3,1,1,4,4,3.3,2.95,3.2,2.2
"239",239,"Direct",19,2,1,1,6.375,6.375,4,4.2,4.05,3.25,4,4.66666666666667,5,5,3,3,2,3,2.4,2.55,2,2.2
"240",240,"Indirect",19,2,2,1,6,6,3.2,3.6,4.8,4.7,3.33333333333333,3.66666666666667,2,1,2,2,1,1,1.7,1.75,1.4,1.4
"241",241,"Control",18,1,2,1,6,5.375,2.6,2.4,3.85,3.8,3.66666666666667,3.66666666666667,3,3,4,3,3,3,2.35,2.4,1.6,1.4
"242",242,"Direct",19,1,2,1,5.625,5.75,3,2.6,3.5,4,2.33333333333333,3.33333333333333,2,2,5,3,4,3,2.5,2.15,2,1.8
"243",243,"Indirect",27,2,1,1,5.5,5.5,2.8,2.6,3.65,3.9,3.66666666666667,3.66666666666667,4,4,4,3,1,1,2.1,2.1,2.2,2.2
"244",244,"Control",21,3,1,1,6.625,6.5,2.6,3.4,4.85,5.25,4.33333333333333,5,2,2,3,1,1,1,1.55,1.5,1.2,1
"245",245,"Direct",21,3,2,1,5.75,6.125,3.4,3.4,4.75,5.25,4.33333333333333,4.66666666666667,1,1,3,3,1,1,1.6,1.4,1.4,1
"246",246,"Indirect",20,2,1,1,5.75,5.75,2.8,3,4.25,4.75,4.33333333333333,3.66666666666667,2,2,4,3,1,2,1.75,1.7,2,2.4
"247",247,"Control",23,3,2,1,6.625,6.5,4.6,4.2,5.75,5.75,4.33333333333333,4.66666666666667,1,1,4,2,1,1,1.55,1.3,1.8,1.6
"248",248,"Direct",20,2,1,1,6.875,6.875,4,3.8,5.8,5.65,4.33333333333333,5,1,1,2,1,1,1,1.05,1.05,1.6,1.2
"249",249,"Indirect",21,3,1,1,6.375,6.625,4.2,4.8,5.25,5.85,3,3.66666666666667,2,2,3,2,2,1,1.4,1.15,1.6,1.2
"250",250,"Direct",18,1,2,1,5.25,5.625,3.6,3.4,4.35,4.65,3,3.66666666666667,4,3,4,2,3,2,2,1.7,1.8,1
"251",251,"Indirect",19,1,1,1,6.5,6.25,3.4,2.8,5.1,5.1,3.66666666666667,4,3,2,5,3,1,1,1.35,1.35,2,1.8
"252",252,"Control",19,1,1,1,5.5,6,3.4,3,3.85,3.95,2,2,1,4,5,5,2,1,2.25,2.15,3.6,3
"253",253,"Direct",19,1,2,1,5.875,5.875,2.8,3.2,4.55,4.45,3.66666666666667,4,2,2,3,3,1,1,1.75,1.5,1.6,1.8
"254",254,"Indirect",18,1,2,1,6.625,6.625,4.2,4.2,4.5,4.55,3.66666666666667,3.66666666666667,2,2,3,3,1,1,1.6,1.5,2.8,2.6
"255",255,"Control",19,2,2,1,5.5,5.125,3.4,3.4,3.15,2.75,2.33333333333333,2.33333333333333,3,3,4,4,1,1,2.9,3,3.2,3.4
"256",256,"Direct",19,1,2,1,5.75,5.75,3.6,3.8,3.9,4.2,3.66666666666667,3.66666666666667,3,2,1,1,3,1,2.65,2.05,1.2,1.2
"257",257,"Indirect",20,2,1,1,6.875,6.875,3.2,3.6,5.25,5.7,4.33333333333333,5,3,2,4,2,1,1,1.45,1.15,1.4,1
"258",258,"Control",20,1,2,1,6.5,6.375,2.8,2.8,5.45,5.55,5,4.66666666666667,1,1,2,1,3,2,1.25,1.4,1.2,1
"259",259,"Direct",20,3,2,1,6,6.25,3,3.4,4.89473684210526,5.2,3.33333333333333,3.66666666666667,2,2,4,3,2,1,1.6,1.3,1.6,1.2
"260",260,"Indirect",19,2,1,1,5.5,5.75,3,2.8,4.2,4.4,3.33333333333333,3.33333333333333,3,3,3,2,1,1,2.25,2.25,1.4,1
"261",261,"Control",36,3,2,1,7,7,4.4,4.8,5.55,5.35,4.33333333333333,4.66666666666667,2,2,4,2,1,1,1.35,1.2,1.2,1
"262",262,"Direct",22,3,2,1,6.375,6.625,5,5,5.4,5.6,3.66666666666667,4.33333333333333,1,1,3,1,1,1,1.65,1.42105263157895,1.8,1.6
"263",263,"Indirect",19,1,2,1,5.5,5.625,2.8,2.8,4.8,4.9,3.33333333333333,3.33333333333333,2,2,4,4,2,2,1.75,1.85,1.6,1.6
"264",264,"Control",19,1,2,1,6.125,6,3.2,3.6,5.1,5.4,4.33333333333333,4.33333333333333,2,1,4,4,3,3,1.5,1.3,1.4,1.8
"265",265,"Direct",18,1,1,1,6.375,6.75,3.8,4.2,4.2,4.9,3.66666666666667,4.33333333333333,3,3,2,1,1,1,2.55,2.15,2.2,1.4
"266",266,"Indirect",18,1,1,1,6.375,6.375,3,2.8,3.95,3.84210526315789,4,4,2,2,2,1,1,1,2.25,2.2,1.4,1.4
"267",267,"Control",19,2,2,1,5.375,6,1.8,2.2,4.65,4.9,3.33333333333333,3.66666666666667,3,3,5,3,4,2,2,1.65,1.6,1.2
"268",268,"Direct",20,2,2,1,5,5.625,3.6,3.8,2.35,2.95,3.33333333333333,4,4,3,3,2,4,2,3.5,2.85,1.8,1.2
"269",269,"Indirect",21,4,2,1,5.5,5.625,4.2,4.75,3.9,3.95,3,3.33333333333333,5,4,4,2,4,4,2.4,2.4,1.4,1.5
"270",270,"Control",24,5,2,1,5.375,5.625,2.8,2.8,4.65,4.6,3.66666666666667,3.66666666666667,3,4,2,3,1,1,1.7,1.8,1.4,1.2
"271",271,"Direct",23,4,1,1,5.625,5.875,4,3.4,3.6,3.55,2.33333333333333,2.33333333333333,3,3,2,1,2,2,2.8,2.5,2,1.4
"272",272,"Indirect",18,1,2,1,5.75,5.25,3,3,3.9,4.15,2.33333333333333,3.33333333333333,3,3,3,1,1,1,2.3,2.2,2.2,1
"273",273,"Control",19,2,2,1,5.875,5.75,3.6,3.8,5.1,5.05,4,4,2,1,2,1,1,1,1.55,1.55,1.8,1.6
"274",274,"Direct",18,1,1,1,5.75,5.875,3.4,3.4,4.25,4.8,3.66666666666667,3.66666666666667,2,2,3,1,2,2,2.1,1.7,2,1.6
"275",275,"Indirect",20,2,1,1,6.125,6.125,3.4,3.8,5,5.15,3.66666666666667,3.33333333333333,2,2,4,3,2,4,1.95,1.75,2,2.2
"276",276,"Control",18,1,2,1,6.375,6.75,4.4,4.6,4.85,5.3,3.66666666666667,4,5,4,1,1,3,3,2.05,1.8,2.6,1.8
"277",277,"Direct",19,2,2,1,5,4.375,2,2.8,4.45,4.35,2,2,5,3,4,3,2,4,2.3,2.05,3.2,2.4
"278",278,"Indirect",19,2,2,1,5.125,5.125,3.8,3.8,4.1,3.6,3.33333333333333,3.33333333333333,3,3,3,3,4,4,2.4,2.2,1.4,1.2
"279",279,"Control",21,4,1,1,6,5.875,4.2,3.4,5.25,5,3,2.33333333333333,1,1,3,3,1,1,1.45,1.75,1.2,1.4
"280",280,"Direct",22,2,2,1,4.75,5.375,3.6,3.6,4.5,4.85,2.33333333333333,3,2,2,3,2,3,3,1.9,1.7,1.2,1
"281",281,"Indirect",21,3,1,1,6.75,6.5,2.8,3.2,5.45,5.35,4.33333333333333,4.33333333333333,3,3,2,2,1,1,1.5,1.4,1.4,1.2
"282",282,"Control",20,3,1,1,6.625,6,3,3.2,5.45,5.55,5,5,4,4,2,3,2,2,1.45,1.15,1.4,1.2
"283",283,"Direct",19,1,2,1,4.75,4.625,3.2,3.8,4.65,4.45,2,3.33333333333333,2,2,4,2,1,1,2.5,2,3.6,1.8
"284",300,"Indirect",19,2,2,2,5.875,5.625,3.2,2.8,4.45,4.7,4,4,3,3,2,3,1,2,2.05,1.9,2.2,2.6
